8e49a36add4f467c	https://vibrant-wellness.com/tests
068f47722407b082	https://vibrant-wellness.com/tests/food-reaction
da8e7399417095fe	https://vibrant-wellness.com/tests/toxins
c31d6383f1dde79a	https://vibrant-wellness.com/tests/infections
ade2856de6ee8c35	https://vibrant-wellness.com/tests/nutrients
866fdd3f72835d5d	https://vibrant-wellness.com/tests/gut-health
b962ee87eff85949	https://vibrant-wellness.com/tests/toxins/total-tox-burden
6bbaf4b41838b1de	https://vibrant-wellness.com/tests/nutrients/organic-acids
ff56bcc5d71f780a	https://vibrant-wellness.com/tests/food-reaction/nut-zoomer
6b8e03c39ad8a8fc	https://vibrant-wellness.com/tests/infections/viral-infections
8b4f3ab4a060ce91	https://vibrant-wellness.com/tests/autoimmune/autoimmune-zoomer
0aa0ea0281352de1	https://vibrant-wellness.com/tests/infections/candida-ibs-profile
249f40ff2a7e1f6f	https://vibrant-wellness.com/tests/cardiovascular-health
5662d867aaffaa39	https://vibrant-wellness.com/tests/food-reaction/food-sensitivity-profile-2
7fe183748fbc5f5b	https://vibrant-wellness.com/tests/hormones/urinary-hormones-panel
30584094ae950692	https://vibrant-wellness.com/tests/hormones/salivary-hormone
78e9c9c28a3c0de2	https://vibrant-wellness.com/tests/food-reaction/peanut-zoomer
caaf3bfe13173251	https://vibrant-wellness.com/tests/food-reaction/corn-zoomer
2e49330e032db160	https://vibrant-wellness.com/tests/cardiovascular/methylation-panel
9df048761eb26763	https://vibrant-wellness.com/tests/infections/uti-zoomer
f901c0003ae12277	https://vibrant-wellness.com/tests/neural-health/neurotransmitters-panel
6d595acd197e60eb	https://vibrant-wellness.com/tests/food-reaction/food-allergy-panel
2f20ee8533d0261f	https://vibrant-wellness.com/tests/neural-health/neural-zoomer-plus
2873184e970fd0c4	https://vibrant-wellness.com/tests/autoimmune
60e2c0fd16e64bf8	https://vibrant-wellness.com/tests/food-reaction/food-additives
f3bc5097cdca2c52	https://vibrant-wellness.com/tests/longevity/oxidative-stress-profile
31811be0888cd7bd	https://vibrant-wellness.com/tests/toxins/toxin-genetics
b274c03922c64493	https://vibrant-wellness.com/tests/hormones
c56315097853e51b	https://vibrant-wellness.com/tests/food-reaction/soy-zoomer
d08a871fc9c165b8	https://vibrant-wellness.com/tests/food-reaction/wheat-zoomer
1cdda609219fd38e	https://vibrant-wellness.com/tests/food-reaction/dairy-zoomer
ff707d9a39035a8c	https://vibrant-wellness.com/tests/cardiovascular/cardiac-health-panel
0ea83c57fcf96caf	https://vibrant-wellness.com/tests/autoimmune/connective-tissue-disorder
6e7085305b1167b3	https://vibrant-wellness.com/tests/cardiovascular/cardia-x
5f91c8ba5d782ac5	https://vibrant-wellness.com/tests/toxins/pfas-chemical
c15cd799fa5842de	https://vibrant-wellness.com/tests/neural-health
3731f7c2e19030b4	https://vibrant-wellness.com/tests/infections/lyme-autoimmune
6de3bcd060eb477f	https://vibrant-wellness.com/tests/longevity/healthspan-assessment-panel
1b468a0c409f6712	https://vibrant-wellness.com/tests/longevity
4fe01956b94c66c8	https://vibrant-wellness.com/tests/nutrients/nutripro
9a2ea2e409c14af9	https://vibrant-wellness.com/tests/nutrients/micronutrient-panel
2621238452cda05c	https://vibrant-wellness.com/tests/food-reaction/egg-zoomer
c5190571b06bdd22	https://vibrant-wellness.com/tests/toxins/environmental-toxins
5b35a7c589e1caa9	https://vibrant-wellness.com/tests/food-reaction/lectin-zoomer
2e4e05abe422f82b	https://vibrant-wellness.com/tests/nutrients/whole-blood-nutrient-profile
ea502dfe8648c7b3	https://vibrant-wellness.com/tests/toxins/heavy-metals
e366131c421675b4	https://vibrant-wellness.com/tests/food-reaction/food-sensitivity-complete
a8762606674e4309	https://vibrant-wellness.com/tests/infections/tickborne-disease
dded7e5cf1b70fee	https://vibrant-wellness.com/tests/food-reaction/grain-zoomer
a42c01a0be1bed7b	https://vibrant-wellness.com/tests/food-reaction/food-sensitivity-profile-1
ec0bf07b38700796	https://vibrant-wellness.com/tests/hormones/hormone-zoomer
7238d1ce2187197c	https://vibrant-wellness.com/tests/toxins/mycotoxins
8c3400a34d1dce7c	https://vibrant-wellness.com/tests/autoimmune/celiac-panel
ff2762fd653e8f51	https://vibrant-wellness.com/tests/gut-health/gut-zoomer
c00c3ca54c85ecf8	https://vibrant-wellness.com/tests/internal
aaeace71b7166daf	https://vibrant-wellness.com/tests/external
32f95d1e2af4ba8c	https://vibrant-wellness.com/tests/toxins/internal
44a1aeb9cc2509c8	https://vibrant-wellness.com/tests/toxins/external
5eae7589c5d08c27	https://vibrant-wellness.com/tests/nutrients/internal
2a0e8710036c417d	https://vibrant-wellness.com/tests/nutrients/external
901627536b133335	https://vibrant-wellness.com/tests/food-reaction/internal
7bd48ca8c9aaab03	https://vibrant-wellness.com/tests/food-reaction/external
5b3f7293b058fa3e	https://vibrant-wellness.com/tests/infections/internal
6ef4d285e37f8352	https://vibrant-wellness.com/tests/infections/external
0d1fa7c2dadcb1c8	https://vibrant-wellness.com/tests/autoimmune/internal
c3d2cbcb11fbfd4b	https://vibrant-wellness.com/tests/autoimmune/external
ebcbf72e15079f35	https://vibrant-wellness.com/tests/hormones/internal
ba30bd8013831f56	https://vibrant-wellness.com/tests/hormones/external
c24529eedda88660	https://vibrant-wellness.com/tests/cardiovascular/internal
fa63770991b61c82	https://vibrant-wellness.com/tests/cardiovascular/external
26487b83fbcd19f0	https://vibrant-wellness.com/tests/neural-health/internal
900f1a78f4e4ad98	https://vibrant-wellness.com/tests/neural-health/external
cecb770a0a03b1a7	https://vibrant-wellness.com/tests/longevity/internal
0a3ad0384deec3f5	https://vibrant-wellness.com/tests/longevity/external
7967c2bdb2f5615c	https://vibrant-wellness.com/tests/gut-health/internal
77ce4cacbe444131	https://vibrant-wellness.com/tests/gut-health/external
